date,Temperature,Humidity,Light,CO2,HumidityRatio,Occupancy
2025-12-23 18:20:51,19.97,51.82,8.88,400.0,0.005,0
2025-12-23 18:21:51,19.96,53.17,12.82,400.0,0.005,0
2025-12-23 18:22:51,19.91,42.2,26.43,400.0,0.005,0
2025-12-23 18:23:51,19.89,58.66,22.12,400.0,0.005,0
2025-12-23 18:24:51,19.85,57.61,2.04,400.0,0.005,0
2025-12-23 18:25:51,19.83,43.63,27.71,400.0,0.005,0
2025-12-23 18:26:51,19.78,46.59,14.67,400.0,0.005,0
2025-12-23 18:27:51,19.75,48.83,13.35,400.0,0.005,0
2025-12-23 18:28:51,19.72,41.34,5.81,400.0,0.005,0
2025-12-23 18:29:51,19.69,47.23,14.56,400.0,0.005,0
2025-12-23 18:30:51,19.65,53.14,19.61,400.0,0.005,0
2025-12-23 18:31:51,19.61,57.02,21.36,400.0,0.005,0
2025-12-23 18:32:51,19.6,44.28,43.19,400.0,0.005,0
2025-12-23 18:33:51,19.56,54.95,10.91,400.0,0.005,0
2025-12-23 18:34:51,19.54,47.85,28.11,400.0,0.005,0
2025-12-23 18:35:51,19.51,42.53,8.69,400.0,0.005,0
2025-12-23 18:36:51,19.5,54.69,27.47,400.0,0.005,0
2025-12-23 18:37:51,19.48,54.78,25.34,400.0,0.005,0
2025-12-23 18:38:51,19.46,42.06,2.3,400.0,0.005,0
2025-12-23 18:39:51,19.42,52.25,31.71,400.0,0.005,0
2025-12-23 18:40:51,19.39,44.57,12.04,400.0,0.005,0
2025-12-23 18:41:51,19.37,45.17,33.9,400.0,0.005,0
2025-12-23 18:42:51,19.34,43.43,2.08,400.0,0.005,0
2025-12-23 18:43:51,19.31,45.02,47.56,400.0,0.005,0
2025-12-23 18:44:51,19.29,52.9,42.14,400.0,0.005,0
2025-12-23 18:45:51,19.31,45.19,510.26,406.69,0.005,1
2025-12-23 18:46:51,19.34,44.44,551.82,413.47,0.005,1
2025-12-23 18:47:51,19.37,49.83,447.12,416.7,0.005,1
2025-12-23 18:48:51,19.41,58.52,325.11,425.35,0.005,1
2025-12-23 18:49:51,19.44,44.21,429.28,429.43,0.005,1
2025-12-23 18:50:51,19.46,40.49,542.34,434.58,0.005,1
2025-12-23 18:51:51,19.49,55.93,554.05,437.51,0.005,1
2025-12-23 18:52:51,19.51,53.58,560.87,440.21,0.005,1
2025-12-23 18:53:51,19.54,58.3,343.05,446.28,0.005,1
2025-12-23 18:54:51,19.56,54.52,348.52,454.73,0.005,1
2025-12-23 18:55:51,19.58,45.12,347.33,457.95,0.005,1
2025-12-23 18:56:51,19.61,47.7,399.42,461.76,0.005,1
2025-12-23 18:57:51,19.62,42.24,559.27,464.86,0.005,1
2025-12-23 18:58:51,19.67,53.52,410.53,467.35,0.005,1
2025-12-23 18:59:51,19.68,54.49,376.07,474.61,0.005,1
2025-12-23 19:00:51,19.73,41.75,418.57,477.15,0.005,1
2025-12-23 19:01:51,19.75,46.67,380.48,484.19,0.005,1
2025-12-23 19:02:51,19.79,40.92,366.41,487.79,0.005,1
2025-12-23 19:03:51,19.81,56.42,484.98,497.38,0.005,1
2025-12-23 19:04:51,19.83,51.19,587.0,503.57,0.005,1
2025-12-23 19:05:51,19.85,48.79,361.99,512.82,0.005,1
2025-12-23 19:06:51,19.9,59.32,506.99,517.14,0.005,1
2025-12-23 19:07:51,19.95,40.28,344.26,522.7,0.005,1
2025-12-23 19:08:51,19.98,41.3,448.36,530.63,0.005,1
2025-12-23 19:09:51,20.0,40.2,324.22,537.85,0.005,1
2025-12-23 19:10:51,20.03,59.51,335.33,540.64,0.005,1
2025-12-23 19:11:51,20.08,59.36,353.31,547.05,0.005,1
2025-12-23 19:12:51,20.1,52.85,580.68,553.72,0.005,1
2025-12-23 19:13:51,20.06,59.95,46.85,549.59,0.005,0
2025-12-23 19:14:51,20.03,56.11,17.85,546.53,0.005,0
2025-12-23 19:15:51,20.01,52.53,31.21,542.26,0.005,0
2025-12-23 19:16:51,19.99,50.66,11.89,540.27,0.005,0
2025-12-23 19:17:51,19.97,49.36,5.1,539.02,0.005,0
2025-12-23 19:18:51,19.94,44.6,45.7,534.62,0.005,0
2025-12-23 19:19:51,19.92,54.82,47.55,529.77,0.005,0
2025-12-23 19:20:51,19.88,55.71,13.04,527.67,0.005,0
2025-12-23 19:21:51,19.84,55.87,3.42,525.46,0.005,0
2025-12-23 19:22:51,19.82,41.24,47.54,521.15,0.005,0
2025-12-23 19:23:51,19.8,42.47,31.89,519.18,0.005,0
2025-12-23 19:24:51,19.78,57.29,43.49,514.45,0.005,0
2025-12-23 19:25:51,19.73,47.22,26.17,513.36,0.005,0
2025-12-23 19:26:51,19.69,51.54,29.17,509.47,0.005,0
2025-12-23 19:27:51,19.66,41.91,37.85,507.87,0.005,0
2025-12-23 19:28:51,19.64,59.09,0.06,506.4,0.005,0
2025-12-23 19:29:51,19.63,52.88,3.38,502.93,0.005,0
2025-12-23 19:30:51,19.58,44.23,1.88,500.78,0.005,0
2025-12-23 19:31:51,19.56,59.99,39.8,496.81,0.005,0
2025-12-23 19:32:51,19.55,42.43,34.53,494.2,0.005,0
2025-12-23 19:33:51,19.53,48.63,44.91,489.96,0.005,0
2025-12-23 19:34:51,19.5,48.66,33.77,485.96,0.005,0
2025-12-23 19:35:51,19.49,45.0,42.56,482.85,0.005,0
2025-12-23 19:36:51,19.46,50.37,2.35,478.9,0.005,0
2025-12-23 19:37:51,19.41,53.26,2.06,475.1,0.005,0
2025-12-23 19:38:51,19.37,43.24,1.23,471.12,0.005,0
2025-12-23 19:39:51,19.32,49.41,21.17,467.53,0.005,0
2025-12-23 19:40:51,19.3,50.45,18.32,464.12,0.005,0
2025-12-23 19:41:51,19.27,43.23,48.61,459.95,0.005,0
2025-12-23 19:42:51,19.26,41.16,28.2,457.48,0.005,0
2025-12-23 19:43:51,19.22,58.59,15.85,453.58,0.005,0
2025-12-23 19:44:51,19.2,40.12,25.37,450.17,0.005,0
2025-12-23 19:45:51,19.21,48.0,335.25,452.59,0.005,1
2025-12-23 19:46:51,19.24,56.48,548.48,456.73,0.005,1
2025-12-23 19:47:51,19.28,40.59,583.94,464.29,0.005,1
2025-12-23 19:48:51,19.29,46.06,380.64,472.54,0.005,1
2025-12-23 19:49:51,19.31,43.45,430.56,480.74,0.005,1
2025-12-23 19:50:51,19.36,42.83,547.74,485.81,0.005,1
2025-12-23 19:51:51,19.4,42.69,462.92,492.75,0.005,1
2025-12-23 19:52:51,19.42,59.81,338.54,496.06,0.005,1
2025-12-23 19:53:51,19.44,55.62,573.15,503.52,0.005,1
2025-12-23 19:54:51,19.45,49.85,466.58,509.94,0.005,1
2025-12-23 19:55:51,19.48,45.99,550.45,517.83,0.005,1
2025-12-23 19:56:51,19.51,40.98,415.81,523.01,0.005,1
2025-12-23 19:57:51,19.55,40.64,463.57,531.28,0.005,1
2025-12-23 19:58:51,19.57,41.44,564.2,536.56,0.005,1
2025-12-23 19:59:51,19.58,55.74,309.86,540.4,0.005,1
2025-12-23 20:00:51,19.62,54.82,516.03,544.45,0.005,1
2025-12-23 20:01:51,19.67,43.43,308.72,550.36,0.005,1
2025-12-23 20:02:51,19.7,59.88,449.93,556.26,0.005,1
2025-12-23 20:03:51,19.72,55.07,487.07,558.3,0.005,1
2025-12-23 20:04:51,19.76,59.8,367.8,565.32,0.005,1
2025-12-23 20:05:51,19.8,44.82,321.94,573.55,0.005,1
2025-12-23 20:06:51,19.85,50.99,542.31,582.7,0.005,1
2025-12-23 20:07:51,19.8,54.52,18.42,580.95,0.005,0
2025-12-23 20:08:51,19.77,46.75,18.72,579.82,0.005,0
2025-12-23 20:09:51,19.75,58.68,15.02,576.58,0.005,0
2025-12-23 20:10:51,19.72,54.85,8.39,573.1,0.005,0
2025-12-23 20:11:51,19.7,49.2,31.0,570.64,0.005,0
2025-12-23 20:12:51,19.68,58.35,16.19,565.8,0.005,0
2025-12-23 20:13:51,19.66,50.42,15.95,563.41,0.005,0
2025-12-23 20:14:51,19.61,51.05,2.42,559.74,0.005,0
2025-12-23 20:15:51,19.56,41.14,8.12,554.92,0.005,0
2025-12-23 20:16:51,19.52,52.48,30.55,553.12,0.005,0
2025-12-23 20:17:51,19.5,58.41,1.82,549.9,0.005,0
2025-12-23 20:18:51,19.46,57.0,23.86,546.04,0.005,0
2025-12-23 20:19:51,19.41,52.29,33.27,544.81,0.005,0
2025-12-23 20:20:51,19.44,49.27,437.39,552.62,0.005,1
2025-12-23 20:21:51,19.48,49.24,482.6,561.9,0.005,1
2025-12-23 20:22:51,19.53,41.05,342.88,571.67,0.005,1
2025-12-23 20:23:51,19.56,55.37,432.82,574.17,0.005,1
2025-12-23 20:24:51,19.61,43.41,593.06,583.81,0.005,1
2025-12-23 20:25:51,19.63,47.56,467.3,592.12,0.005,1
2025-12-23 20:26:51,19.64,57.64,515.16,596.03,0.005,1
2025-12-23 20:27:51,19.67,42.39,592.99,604.49,0.005,1
2025-12-23 20:28:51,19.65,44.18,0.36,599.6,0.005,0
2025-12-23 20:29:51,19.69,51.21,516.65,605.31,0.005,1
2025-12-23 20:30:51,19.7,54.72,581.0,612.98,0.005,1
2025-12-23 20:31:51,19.72,41.63,325.32,618.62,0.005,1
2025-12-23 20:32:51,19.7,58.01,41.3,614.09,0.005,0
2025-12-23 20:33:51,19.66,51.26,47.35,612.62,0.005,0
2025-12-23 20:34:51,19.63,43.55,42.42,609.39,0.005,0
2025-12-23 20:35:51,19.61,51.13,21.81,607.52,0.005,0
2025-12-23 20:36:51,19.57,57.68,49.64,603.32,0.005,0
2025-12-23 20:37:51,19.53,49.19,28.58,600.77,0.005,0
2025-12-23 20:38:51,19.48,48.0,38.74,596.47,0.005,0
2025-12-23 20:39:51,19.47,59.1,43.07,595.24,0.005,0
2025-12-23 20:40:51,19.43,54.09,33.35,594.17,0.005,0
2025-12-23 20:41:51,19.41,43.43,12.53,589.61,0.005,0
2025-12-23 20:42:51,19.38,50.98,48.18,585.13,0.005,0
2025-12-23 20:43:51,19.35,58.07,12.91,583.3,0.005,0
2025-12-23 20:44:51,19.32,45.82,26.88,580.49,0.005,0
2025-12-23 20:45:51,19.3,44.49,4.66,575.89,0.005,0
2025-12-23 20:46:51,19.34,51.11,567.19,579.79,0.005,1
2025-12-23 20:47:51,19.38,41.75,531.14,584.25,0.005,1
2025-12-23 20:48:51,19.41,50.16,338.12,590.48,0.005,1
2025-12-23 20:49:51,19.43,45.58,434.54,596.42,0.005,1
2025-12-23 20:50:51,19.47,40.52,475.71,602.5,0.005,1
2025-12-23 20:51:51,19.52,43.71,469.05,607.92,0.005,1
2025-12-23 20:52:51,19.53,46.15,460.33,612.23,0.005,1
2025-12-23 20:53:51,19.55,41.42,573.23,622.06,0.005,1
2025-12-23 20:54:51,19.59,53.64,375.46,624.11,0.005,1
2025-12-23 20:55:51,19.6,49.73,324.39,632.3,0.005,1
2025-12-23 20:56:51,19.62,59.16,382.3,634.37,0.005,1
2025-12-23 20:57:51,19.67,48.67,413.78,637.57,0.005,1
2025-12-23 20:58:51,19.7,45.98,349.36,643.93,0.005,1
2025-12-23 20:59:51,19.74,41.37,450.45,648.27,0.005,1
2025-12-23 21:00:51,19.77,48.17,381.23,651.74,0.005,1
2025-12-23 21:01:51,19.79,50.99,539.73,654.29,0.005,1
2025-12-23 21:02:51,19.8,46.45,512.35,658.36,0.005,1
2025-12-23 21:03:51,19.84,46.47,303.11,667.44,0.005,1
2025-12-23 21:04:51,19.87,42.92,349.09,671.61,0.005,1
2025-12-23 21:05:51,19.89,58.78,311.13,677.09,0.005,1
2025-12-23 21:06:51,19.91,57.76,520.07,686.24,0.005,1
2025-12-23 21:07:51,19.94,49.81,429.59,689.41,0.005,1
2025-12-23 21:08:51,19.98,51.54,519.81,695.16,0.005,1
2025-12-23 21:09:51,19.95,55.47,5.79,691.26,0.005,0
2025-12-23 21:10:51,19.92,59.64,9.15,688.8,0.005,0
2025-12-23 21:11:51,19.9,47.91,33.98,684.77,0.005,0
2025-12-23 21:12:51,19.88,53.6,29.33,681.7,0.005,0
2025-12-23 21:13:51,19.84,55.52,15.64,680.24,0.005,0
2025-12-23 21:14:51,19.83,54.14,28.8,676.31,0.005,0
2025-12-23 21:15:51,19.78,43.39,42.54,672.22,0.005,0
2025-12-23 21:16:51,19.76,57.25,41.29,668.15,0.005,0
2025-12-23 21:17:51,19.75,47.41,27.18,666.8,0.005,0
2025-12-23 21:18:51,19.72,56.44,28.24,661.9,0.005,0
2025-12-23 21:19:51,19.69,48.06,15.07,660.75,0.005,0
2025-12-23 21:20:51,19.68,40.94,9.93,656.04,0.005,0
2025-12-23 21:21:51,19.63,50.2,31.66,654.97,0.005,0
2025-12-23 21:22:51,19.6,43.11,1.49,650.53,0.005,0
2025-12-23 21:23:51,19.58,40.06,34.47,649.39,0.005,0
2025-12-23 21:24:51,19.56,57.27,31.51,644.85,0.005,0
2025-12-23 21:25:51,19.54,40.89,44.08,641.24,0.005,0
2025-12-23 21:26:51,19.52,54.95,41.32,636.99,0.005,0
2025-12-23 21:27:51,19.51,51.11,26.29,633.83,0.005,0
2025-12-23 21:28:51,19.49,56.82,36.45,630.56,0.005,0
2025-12-23 21:29:51,19.48,58.49,47.06,628.62,0.005,0
2025-12-23 21:30:51,19.44,50.85,4.85,625.56,0.005,0
2025-12-23 21:31:51,19.4,45.0,16.17,622.24,0.005,0
2025-12-23 21:32:51,19.36,48.33,40.59,620.12,0.005,0
2025-12-23 21:33:51,19.33,47.93,19.55,615.93,0.005,0
2025-12-23 21:34:51,19.3,55.25,32.85,614.49,0.005,0
2025-12-23 21:35:51,19.27,44.08,42.01,612.08,0.005,0
2025-12-23 21:36:51,19.25,53.75,47.87,610.77,0.005,0
2025-12-23 21:37:51,19.2,44.54,47.47,606.46,0.005,0
2025-12-23 21:38:51,19.16,48.53,20.41,604.4,0.005,0
2025-12-23 21:39:51,19.14,55.41,33.31,600.41,0.005,0
2025-12-23 21:40:51,19.1,48.95,2.59,596.6,0.005,0
2025-12-23 21:41:51,19.08,41.66,32.76,593.41,0.005,0
2025-12-23 21:42:51,19.04,53.89,23.38,588.55,0.005,0
2025-12-23 21:43:51,19.01,40.19,45.09,586.76,0.005,0
2025-12-23 21:44:51,18.98,46.12,42.58,584.39,0.005,0
2025-12-23 21:45:51,18.96,48.53,31.01,580.71,0.005,0
2025-12-23 21:46:51,18.94,59.76,41.99,576.34,0.005,0
2025-12-23 21:47:51,18.91,53.19,38.24,575.17,0.005,0
2025-12-23 21:48:51,18.88,42.95,14.28,572.62,0.005,0
2025-12-23 21:49:51,18.83,59.41,41.86,568.61,0.005,0
2025-12-23 21:50:51,18.8,45.51,17.46,566.66,0.005,0
2025-12-23 21:51:51,18.81,56.26,513.72,574.52,0.005,1
2025-12-23 21:52:51,18.85,49.38,543.28,580.3,0.005,1
2025-12-23 21:53:51,18.89,49.87,557.72,585.14,0.005,1
2025-12-23 21:54:51,18.91,53.65,324.48,592.13,0.005,1
2025-12-23 21:55:51,18.95,50.34,477.39,594.32,0.005,1
2025-12-23 21:56:51,18.98,59.46,510.23,603.7,0.005,1
2025-12-23 21:57:51,19.01,55.14,524.26,607.97,0.005,1
2025-12-23 21:58:51,19.05,43.13,513.64,613.0,0.005,1
2025-12-23 21:59:51,19.06,47.57,435.34,620.37,0.005,1
2025-12-23 22:00:51,19.09,44.16,407.96,622.73,0.005,1
2025-12-23 22:01:51,19.11,51.41,575.47,630.32,0.005,1
2025-12-23 22:02:51,19.14,59.21,541.3,635.6,0.005,1
2025-12-23 22:03:51,19.18,53.74,556.75,643.14,0.005,1
2025-12-23 22:04:51,19.2,51.86,427.88,650.3,0.005,1
2025-12-23 22:05:51,19.22,48.87,449.43,653.33,0.005,1
2025-12-23 22:06:51,19.27,55.21,398.03,662.78,0.005,1
2025-12-23 22:07:51,19.31,59.41,578.17,671.11,0.005,1
2025-12-23 22:08:51,19.34,50.75,510.01,676.76,0.005,1
2025-12-23 22:09:51,19.38,50.95,451.38,681.41,0.005,1
2025-12-23 22:10:51,19.39,54.31,533.73,687.75,0.005,1
2025-12-23 22:11:51,19.41,56.26,531.82,691.65,0.005,1
2025-12-23 22:12:51,19.45,59.45,412.17,700.08,0.005,1
2025-12-23 22:13:51,19.47,57.73,331.63,702.92,0.005,1
2025-12-23 22:14:51,19.51,43.99,455.72,711.92,0.005,1
2025-12-23 22:15:51,19.53,51.51,477.69,720.77,0.005,1
2025-12-23 22:16:51,19.56,48.28,535.62,728.61,0.005,1
2025-12-23 22:17:51,19.61,44.55,384.42,737.59,0.005,1
2025-12-23 22:18:51,19.62,40.59,552.59,742.47,0.005,1
2025-12-23 22:19:51,19.64,44.01,580.52,747.3,0.005,1
2025-12-23 22:20:51,19.67,44.03,314.86,750.21,0.005,1
2025-12-23 22:21:51,19.71,41.54,405.0,753.31,0.005,1
2025-12-23 22:22:51,19.74,56.65,302.98,760.08,0.005,1
2025-12-23 22:23:51,19.76,42.46,565.64,768.53,0.005,1
2025-12-23 22:24:51,19.77,43.56,360.22,773.51,0.005,1
2025-12-23 22:25:51,19.79,50.91,519.54,782.14,0.005,1
2025-12-23 22:26:51,19.8,58.7,441.22,788.73,0.005,1
2025-12-23 22:27:51,19.84,57.85,307.51,794.21,0.005,1
2025-12-23 22:28:51,19.8,41.56,13.71,791.43,0.005,0
2025-12-23 22:29:51,19.78,53.42,23.24,789.03,0.005,0
2025-12-23 22:30:51,19.76,51.08,44.55,784.05,0.005,0
2025-12-23 22:31:51,19.73,52.5,34.54,779.98,0.005,0
2025-12-23 22:32:51,19.7,58.05,11.86,777.89,0.005,0
2025-12-23 22:33:51,19.69,47.09,25.76,774.34,0.005,0
2025-12-23 22:34:51,19.67,52.88,30.92,769.54,0.005,0
2025-12-23 22:35:51,19.64,43.04,5.09,765.25,0.005,0
2025-12-23 22:36:51,19.6,43.11,37.8,763.22,0.005,0
2025-12-23 22:37:51,19.56,54.7,31.28,761.14,0.005,0
2025-12-23 22:38:51,19.6,40.57,351.84,769.17,0.005,1
2025-12-23 22:39:51,19.62,51.71,427.04,773.97,0.005,1
2025-12-23 22:40:51,19.63,52.48,518.67,776.67,0.005,1
2025-12-23 22:41:51,19.68,53.24,517.34,779.75,0.005,1
2025-12-23 22:42:51,19.7,44.87,388.53,789.4,0.005,1
2025-12-23 22:43:51,19.72,53.22,573.52,794.87,0.005,1
2025-12-23 22:44:51,19.74,40.95,519.54,797.28,0.005,1
2025-12-23 22:45:51,19.78,42.71,439.94,802.49,0.005,1
2025-12-23 22:46:51,19.81,55.62,320.48,807.5,0.005,1
2025-12-23 22:47:51,19.85,58.63,447.39,814.45,0.005,1
2025-12-23 22:48:51,19.88,56.9,502.84,821.48,0.005,1
2025-12-23 22:49:51,19.92,47.53,323.89,830.85,0.005,1
2025-12-23 22:50:51,19.95,43.21,423.63,835.02,0.005,1
2025-12-23 22:51:51,19.98,48.4,557.78,837.42,0.005,1
2025-12-23 22:52:51,20.02,51.98,372.73,842.92,0.005,1
2025-12-23 22:53:51,20.04,44.42,535.59,850.89,0.005,1
2025-12-23 22:54:51,20.09,42.41,490.63,856.88,0.005,1
2025-12-23 22:55:51,20.12,53.54,540.23,860.81,0.005,1
2025-12-23 22:56:51,20.16,40.92,488.63,867.03,0.005,1
2025-12-23 22:57:51,20.13,40.85,12.53,864.88,0.005,0
2025-12-23 22:58:51,20.1,49.98,45.71,860.19,0.005,0
2025-12-23 22:59:51,20.07,50.88,9.79,857.13,0.005,0
2025-12-23 23:00:51,20.03,57.16,11.0,853.36,0.005,0
2025-12-23 23:01:51,20.0,50.38,16.9,848.52,0.005,0
2025-12-23 23:02:51,19.96,52.91,21.57,844.36,0.005,0
2025-12-23 23:03:51,19.92,43.5,23.57,840.81,0.005,0
2025-12-23 23:04:51,19.91,59.38,38.66,837.6,0.005,0
2025-12-23 23:05:51,19.86,51.49,48.44,835.95,0.005,0
2025-12-23 23:06:51,19.83,56.98,21.78,831.81,0.005,0
2025-12-23 23:07:51,19.79,55.08,27.36,827.31,0.005,0
2025-12-23 23:08:51,19.74,49.75,2.5,825.05,0.005,0
2025-12-23 23:09:51,19.72,57.05,29.1,821.03,0.005,0
2025-12-23 23:10:51,19.7,47.4,31.26,818.25,0.005,0
2025-12-23 23:11:51,19.65,54.06,34.24,813.79,0.005,0
2025-12-23 23:12:51,19.62,59.73,38.52,812.24,0.005,0
2025-12-23 23:13:51,19.6,47.83,24.91,808.21,0.005,0
2025-12-23 23:14:51,19.55,46.39,19.2,807.16,0.005,0
2025-12-23 23:15:51,19.53,59.7,16.51,804.74,0.005,0
2025-12-23 23:16:51,19.48,45.65,44.56,801.27,0.005,0
2025-12-23 23:17:51,19.44,46.9,32.62,798.31,0.005,0
2025-12-23 23:18:51,19.41,55.43,41.05,796.97,0.005,0
2025-12-23 23:19:51,19.39,45.74,6.28,792.98,0.005,0
2025-12-23 23:20:51,19.37,51.26,21.24,791.68,0.005,0
2025-12-23 23:21:51,19.36,54.42,18.08,787.96,0.005,0
2025-12-23 23:22:51,19.33,49.52,34.82,784.9,0.005,0
2025-12-23 23:23:51,19.29,51.4,33.15,782.73,0.005,0
2025-12-23 23:24:51,19.25,59.44,29.75,781.21,0.005,0
2025-12-23 23:25:51,19.24,42.91,10.32,778.63,0.005,0
2025-12-23 23:26:51,19.2,55.01,35.16,777.15,0.005,0
2025-12-23 23:27:51,19.16,47.65,20.07,772.38,0.005,0
2025-12-23 23:28:51,19.14,46.7,38.06,767.63,0.005,0
2025-12-23 23:29:51,19.13,53.83,49.77,766.62,0.005,0
2025-12-23 23:30:51,19.11,52.04,27.81,763.19,0.005,0
2025-12-23 23:31:51,19.08,58.1,48.71,761.69,0.005,0
2025-12-23 23:32:51,19.12,55.59,556.97,771.56,0.005,1
2025-12-23 23:33:51,19.1,48.39,18.98,768.84,0.005,0
2025-12-23 23:34:51,19.06,58.66,3.23,765.95,0.005,0
2025-12-23 23:35:51,19.02,53.82,2.18,761.34,0.005,0
2025-12-23 23:36:51,19.0,53.13,40.87,758.7,0.005,0
2025-12-23 23:37:51,18.97,52.41,4.59,755.31,0.005,0
2025-12-23 23:38:51,18.93,50.35,10.24,750.82,0.005,0
2025-12-23 23:39:51,18.91,41.07,27.97,747.41,0.005,0
2025-12-23 23:40:51,18.88,43.85,19.4,743.28,0.005,0
2025-12-23 23:41:51,18.86,53.37,42.93,738.39,0.005,0
2025-12-23 23:42:51,18.83,49.66,2.3,736.51,0.005,0
2025-12-23 23:43:51,18.78,46.36,26.25,735.0,0.005,0
2025-12-23 23:44:51,18.75,49.58,38.89,732.96,0.005,0
2025-12-23 23:45:51,18.72,46.74,25.3,731.51,0.005,0
2025-12-23 23:46:51,18.7,51.05,23.29,726.76,0.005,0
2025-12-23 23:47:51,18.69,56.27,44.24,723.89,0.005,0
2025-12-23 23:48:51,18.67,54.81,9.96,719.79,0.005,0
2025-12-23 23:49:51,18.64,57.01,15.47,715.89,0.005,0
2025-12-23 23:50:51,18.6,59.88,40.83,713.03,0.005,0
2025-12-23 23:51:51,18.56,46.92,47.91,711.33,0.005,0
2025-12-23 23:52:51,18.59,46.74,521.01,719.07,0.005,1
2025-12-23 23:53:51,18.61,46.18,438.04,721.58,0.005,1
2025-12-23 23:54:51,18.58,56.25,13.8,720.36,0.005,0
2025-12-23 23:55:51,18.57,50.85,20.94,716.8,0.005,0
2025-12-23 23:56:51,18.52,57.0,25.92,713.74,0.005,0
2025-12-23 23:57:51,18.5,52.33,5.74,709.27,0.005,0
2025-12-23 23:58:51,18.49,50.74,30.9,704.96,0.005,0
2025-12-23 23:59:51,18.47,46.65,19.59,701.61,0.005,0
2025-12-24 00:00:51,18.43,54.72,21.85,700.35,0.005,0
2025-12-24 00:01:51,18.39,52.54,6.27,695.45,0.005,0
2025-12-24 00:02:51,18.36,41.72,28.79,692.14,0.005,0
2025-12-24 00:03:51,18.32,49.24,3.82,689.64,0.005,0
2025-12-24 00:04:51,18.36,46.87,407.33,699.37,0.005,1
2025-12-24 00:05:51,18.39,40.92,547.66,708.0,0.005,1
2025-12-24 00:06:51,18.42,57.41,481.33,717.11,0.005,1
2025-12-24 00:07:51,18.47,41.94,317.89,719.59,0.005,1
2025-12-24 00:08:51,18.5,40.19,413.61,723.92,0.005,1
2025-12-24 00:09:51,18.54,48.39,593.38,726.02,0.005,1
2025-12-24 00:10:51,18.56,42.74,434.01,728.6,0.005,1
2025-12-24 00:11:51,18.58,48.49,441.82,733.83,0.005,1
2025-12-24 00:12:51,18.62,58.76,465.81,737.57,0.005,1
2025-12-24 00:13:51,18.66,49.87,416.69,741.39,0.005,1
2025-12-24 00:14:51,18.7,53.13,426.62,743.39,0.005,1
2025-12-24 00:15:51,18.73,55.73,494.21,747.44,0.005,1
2025-12-24 00:16:51,18.74,45.88,392.47,751.11,0.005,1
2025-12-24 00:17:51,18.78,42.04,577.43,756.55,0.005,1
2025-12-24 00:18:51,18.82,50.0,588.39,760.08,0.005,1
2025-12-24 00:19:51,18.86,55.93,361.05,767.99,0.005,1
2025-12-24 00:20:51,18.9,50.34,493.1,770.73,0.005,1
2025-12-24 00:21:51,18.93,44.4,336.64,774.32,0.005,1
2025-12-24 00:22:51,18.94,41.35,471.73,777.56,0.005,1
2025-12-24 00:23:51,18.91,43.94,7.85,775.91,0.005,0
2025-12-24 00:24:51,18.89,41.96,15.31,774.63,0.005,0
2025-12-24 00:25:51,18.86,45.17,13.19,772.74,0.005,0
2025-12-24 00:26:51,18.83,49.36,27.9,769.93,0.005,0
2025-12-24 00:27:51,18.81,43.31,46.35,766.71,0.005,0
2025-12-24 00:28:51,18.76,44.55,5.18,763.76,0.005,0
2025-12-24 00:29:51,18.74,45.89,2.54,759.82,0.005,0
2025-12-24 00:30:51,18.71,43.75,3.15,758.77,0.005,0
2025-12-24 00:31:51,18.67,52.5,17.12,755.26,0.005,0
2025-12-24 00:32:51,18.62,54.34,27.24,750.8,0.005,0
2025-12-24 00:33:51,18.64,43.27,399.51,758.72,0.005,1
2025-12-24 00:34:51,18.67,40.16,345.82,767.86,0.005,1
2025-12-24 00:35:51,18.7,40.77,495.55,772.3,0.005,1
2025-12-24 00:36:51,18.74,42.04,347.43,775.52,0.005,1
2025-12-24 00:37:51,18.75,53.19,416.2,780.0,0.005,1
2025-12-24 00:38:51,18.76,55.21,405.43,783.61,0.005,1
2025-12-24 00:39:51,18.79,42.2,368.14,792.34,0.005,1
2025-12-24 00:40:51,18.8,41.64,356.4,794.67,0.005,1
2025-12-24 00:41:51,18.82,52.47,422.11,804.57,0.005,1
2025-12-24 00:42:51,18.84,51.98,475.32,809.99,0.005,1
2025-12-24 00:43:51,18.88,50.41,496.34,814.98,0.005,1
2025-12-24 00:44:51,18.9,48.83,491.48,821.32,0.005,1
2025-12-24 00:45:51,18.93,43.76,384.35,829.97,0.005,1
2025-12-24 00:46:51,18.96,41.36,338.15,833.83,0.005,1
2025-12-24 00:47:51,18.99,55.71,315.42,836.15,0.005,1
2025-12-24 00:48:51,19.0,48.21,360.25,841.48,0.005,1
2025-12-24 00:49:51,18.96,57.33,29.44,839.73,0.005,0
2025-12-24 00:50:51,18.93,44.56,43.23,835.29,0.005,0
2025-12-24 00:51:51,18.89,41.67,49.56,831.07,0.005,0
2025-12-24 00:52:51,18.85,45.34,14.81,827.33,0.005,0
2025-12-24 00:53:51,18.84,57.26,32.61,824.17,0.005,0
2025-12-24 00:54:51,18.79,48.39,3.24,821.97,0.005,0
2025-12-24 00:55:51,18.78,57.53,29.19,817.55,0.005,0
2025-12-24 00:56:51,18.83,56.55,508.29,826.78,0.005,1
2025-12-24 00:57:51,18.88,43.33,599.11,830.22,0.005,1
2025-12-24 00:58:51,18.91,59.46,489.09,837.54,0.005,1
2025-12-24 00:59:51,18.87,51.96,48.18,834.5,0.005,0
2025-12-24 01:00:51,18.86,58.9,32.14,832.77,0.005,0
2025-12-24 01:01:51,18.82,54.4,48.58,828.23,0.005,0
2025-12-24 01:02:51,18.8,47.1,7.76,824.2,0.005,0
2025-12-24 01:03:51,18.78,56.14,40.57,819.74,0.005,0
2025-12-24 01:04:51,18.76,43.88,10.52,815.27,0.005,0
2025-12-24 01:05:51,18.74,50.61,23.39,814.0,0.005,0
2025-12-24 01:06:51,18.72,55.49,11.1,812.0,0.005,0
2025-12-24 01:07:51,18.68,45.01,33.96,808.82,0.005,0
2025-12-24 01:08:51,18.64,49.51,40.32,807.13,0.005,0
2025-12-24 01:09:51,18.61,45.91,38.89,805.76,0.005,0
2025-12-24 01:10:51,18.6,51.57,26.0,803.45,0.005,0
2025-12-24 01:11:51,18.62,52.17,456.44,806.3,0.005,1
2025-12-24 01:12:51,18.67,56.25,305.3,808.54,0.005,1
2025-12-24 01:13:51,18.71,43.62,395.83,810.91,0.005,1
2025-12-24 01:14:51,18.73,46.02,492.35,815.04,0.005,1
2025-12-24 01:15:51,18.75,50.24,451.94,824.11,0.005,1
2025-12-24 01:16:51,18.77,49.92,393.16,831.09,0.005,1
2025-12-24 01:17:51,18.81,40.28,468.33,840.68,0.005,1
2025-12-24 01:18:51,18.82,53.2,548.49,848.36,0.005,1
2025-12-24 01:19:51,18.85,44.26,399.91,856.59,0.005,1
2025-12-24 01:20:51,18.89,54.57,422.79,860.6,0.005,1
2025-12-24 01:21:51,18.92,44.39,546.85,864.82,0.005,1
2025-12-24 01:22:51,18.94,49.93,375.0,869.59,0.005,1
2025-12-24 01:23:51,18.99,57.3,592.62,877.86,0.005,1
2025-12-24 01:24:51,19.01,47.46,522.69,883.91,0.005,1
2025-12-24 01:25:51,19.06,41.13,520.61,893.03,0.005,1
2025-12-24 01:26:51,19.08,47.42,443.83,901.0,0.005,1
2025-12-24 01:27:51,19.12,49.33,418.88,911.0,0.005,1
2025-12-24 01:28:51,19.13,57.27,572.16,913.37,0.005,1
2025-12-24 01:29:51,19.16,52.12,321.15,918.38,0.005,1
2025-12-24 01:30:51,19.19,46.5,386.57,925.06,0.005,1
2025-12-24 01:31:51,19.22,56.24,345.76,931.08,0.005,1
2025-12-24 01:32:51,19.27,51.31,508.06,939.67,0.005,1
2025-12-24 01:33:51,19.31,42.75,449.47,944.93,0.005,1
2025-12-24 01:34:51,19.36,41.38,338.8,954.07,0.005,1
2025-12-24 01:35:51,19.37,53.93,306.38,962.54,0.005,1
2025-12-24 01:36:51,19.4,40.53,374.05,965.27,0.005,1
2025-12-24 01:37:51,19.45,52.16,471.29,968.68,0.005,1
2025-12-24 01:38:51,19.49,54.23,532.1,975.99,0.005,1
2025-12-24 01:39:51,19.51,50.34,543.85,980.69,0.005,1
2025-12-24 01:40:51,19.53,48.38,324.44,988.67,0.005,1
2025-12-24 01:41:51,19.54,55.92,302.37,998.01,0.005,1
2025-12-24 01:42:51,19.59,51.48,565.56,1001.8,0.005,1
2025-12-24 01:43:51,19.64,51.61,353.75,1004.19,0.005,1
2025-12-24 01:44:51,19.65,59.2,544.3,1013.91,0.005,1
2025-12-24 01:45:51,19.67,59.54,309.8,1018.91,0.005,1
2025-12-24 01:46:51,19.7,55.5,331.65,1028.76,0.005,1
2025-12-24 01:47:51,19.72,44.95,409.46,1034.65,0.005,1
2025-12-24 01:48:51,19.73,45.92,566.29,1041.17,0.005,1
2025-12-24 01:49:51,19.78,53.25,447.67,1044.99,0.005,1
2025-12-24 01:50:51,19.81,42.57,400.52,1053.62,0.005,1
2025-12-24 01:51:51,19.84,42.26,415.98,1056.11,0.005,1
2025-12-24 01:52:51,19.88,53.12,319.79,1060.36,0.005,1
2025-12-24 01:53:51,19.91,51.85,527.44,1070.25,0.005,1
2025-12-24 01:54:51,19.93,59.91,349.26,1077.24,0.005,1
2025-12-24 01:55:51,19.97,57.34,432.27,1084.37,0.005,1
2025-12-24 01:56:51,20.01,47.0,510.52,1093.39,0.005,1
2025-12-24 01:57:51,20.06,59.44,581.27,1096.66,0.005,1
2025-12-24 01:58:51,20.07,51.92,508.63,1105.48,0.005,1
2025-12-24 01:59:51,20.09,58.88,505.46,1113.71,0.005,1
2025-12-24 02:00:51,20.11,47.3,450.57,1120.36,0.005,1
2025-12-24 02:01:51,20.14,44.17,501.9,1127.03,0.005,1
2025-12-24 02:02:51,20.16,51.09,536.74,1129.38,0.005,1
2025-12-24 02:03:51,20.18,46.38,444.5,1134.28,0.005,1
2025-12-24 02:04:51,20.22,52.49,336.85,1143.95,0.005,1
2025-12-24 02:05:51,20.27,41.08,460.07,1149.94,0.005,1
2025-12-24 02:06:51,20.31,54.28,349.27,1152.0,0.005,1
2025-12-24 02:07:51,20.28,57.97,26.93,1150.9,0.005,0
2025-12-24 02:08:51,20.24,57.98,22.11,1146.3,0.005,0
2025-12-24 02:09:51,20.2,41.37,18.19,1143.66,0.005,0
2025-12-24 02:10:51,20.19,45.2,25.76,1140.67,0.005,0
2025-12-24 02:11:51,20.15,53.37,26.14,1139.24,0.005,0
2025-12-24 02:12:51,20.11,40.83,13.71,1137.61,0.005,0
2025-12-24 02:13:51,20.07,59.17,28.9,1133.83,0.005,0
2025-12-24 02:14:51,20.06,52.22,32.73,1129.09,0.005,0
2025-12-24 02:15:51,20.09,58.71,413.2,1131.97,0.005,1
2025-12-24 02:16:51,20.12,49.48,316.1,1141.1,0.005,1
2025-12-24 02:17:51,20.15,49.95,446.57,1143.37,0.005,1
2025-12-24 02:18:51,20.16,41.77,413.78,1151.44,0.005,1
2025-12-24 02:19:51,20.2,56.34,310.14,1154.61,0.005,1
2025-12-24 02:20:51,20.25,51.48,319.42,1162.06,0.005,1
2025-12-24 02:21:51,20.26,49.38,310.84,1165.26,0.005,1
2025-12-24 02:22:51,20.3,51.44,356.5,1173.79,0.005,1
2025-12-24 02:23:51,20.33,53.67,395.9,1176.84,0.005,1
2025-12-24 02:24:51,20.38,52.96,418.76,1185.54,0.005,1
2025-12-24 02:25:51,20.41,43.16,339.1,1187.59,0.005,1
2025-12-24 02:26:51,20.43,55.85,556.61,1195.24,0.005,1
2025-12-24 02:27:51,20.45,56.06,587.79,1205.07,0.005,1
2025-12-24 02:28:51,20.48,55.21,462.2,1210.88,0.005,1
2025-12-24 02:29:51,20.51,57.27,358.3,1219.52,0.005,1
2025-12-24 02:30:51,20.55,44.56,300.99,1224.07,0.005,1
2025-12-24 02:31:51,20.59,50.42,455.92,1230.53,0.005,1
2025-12-24 02:32:51,20.56,51.9,39.57,1226.93,0.005,0
2025-12-24 02:33:51,20.52,55.31,46.77,1222.04,0.005,0
2025-12-24 02:34:51,20.48,49.52,18.1,1217.97,0.005,0
2025-12-24 02:35:51,20.43,56.24,37.12,1214.26,0.005,0
2025-12-24 02:36:51,20.39,42.84,0.69,1210.95,0.005,0
2025-12-24 02:37:51,20.37,51.48,29.78,1206.77,0.005,0
2025-12-24 02:38:51,20.36,43.76,1.18,1204.2,0.005,0
2025-12-24 02:39:51,20.33,42.59,1.14,1200.74,0.005,0
2025-12-24 02:40:51,20.29,46.85,19.39,1198.72,0.005,0
2025-12-24 02:41:51,20.24,53.52,25.09,1197.29,0.005,0
2025-12-24 02:42:51,20.21,51.41,45.65,1192.71,0.005,0
2025-12-24 02:43:51,20.17,59.27,0.6,1187.98,0.005,0
2025-12-24 02:44:51,20.14,57.42,37.81,1183.88,0.005,0
2025-12-24 02:45:51,20.12,50.96,21.43,1181.52,0.005,0
2025-12-24 02:46:51,20.08,45.41,9.59,1179.34,0.005,0
2025-12-24 02:47:51,20.07,58.88,10.85,1175.61,0.005,0
2025-12-24 02:48:51,20.02,55.98,42.31,1171.51,0.005,0
2025-12-24 02:49:51,19.98,47.1,1.27,1167.38,0.005,0
2025-12-24 02:50:51,19.96,52.93,45.43,1164.22,0.005,0
2025-12-24 02:51:51,19.94,52.05,10.81,1159.73,0.005,0
2025-12-24 02:52:51,19.91,54.47,44.05,1156.67,0.005,0
2025-12-24 02:53:51,19.86,41.48,0.4,1152.18,0.005,0
2025-12-24 02:54:51,19.82,44.95,42.54,1149.46,0.005,0
2025-12-24 02:55:51,19.79,56.05,3.04,1146.6,0.005,0
2025-12-24 02:56:51,19.75,46.32,8.86,1144.29,0.005,0
2025-12-24 02:57:51,19.73,49.96,22.15,1139.45,0.005,0
2025-12-24 02:58:51,19.7,59.86,42.94,1137.69,0.005,0
2025-12-24 02:59:51,19.67,52.85,24.34,1133.44,0.005,0
2025-12-24 03:00:51,19.63,56.74,2.7,1132.0,0.005,0
2025-12-24 03:01:51,19.61,46.17,39.9,1130.7,0.005,0
2025-12-24 03:02:51,19.58,41.8,48.34,1129.38,0.005,0
2025-12-24 03:03:51,19.53,40.82,33.07,1126.33,0.005,0
2025-12-24 03:04:51,19.51,56.91,27.41,1124.97,0.005,0
2025-12-24 03:05:51,19.48,40.74,49.57,1120.02,0.005,0
2025-12-24 03:06:51,19.5,57.85,463.58,1123.38,0.005,1
2025-12-24 03:07:51,19.53,49.35,401.64,1128.88,0.005,1
2025-12-24 03:08:51,19.51,42.87,2.48,1125.57,0.005,0
2025-12-24 03:09:51,19.54,45.55,514.85,1129.43,0.005,1
2025-12-24 03:10:51,19.58,40.2,323.6,1139.37,0.005,1
2025-12-24 03:11:51,19.59,49.31,455.28,1147.14,0.005,1
2025-12-24 03:12:51,19.63,45.36,501.36,1155.39,0.005,1
2025-12-24 03:13:51,19.65,47.85,342.9,1164.5,0.005,1
2025-12-24 03:14:51,19.66,55.22,457.74,1166.98,0.005,1
2025-12-24 03:15:51,19.7,42.45,434.17,1172.43,0.005,1
2025-12-24 03:16:51,19.73,49.04,319.16,1181.09,0.005,1
2025-12-24 03:17:51,19.77,51.31,438.31,1189.76,0.005,1
2025-12-24 03:18:51,19.79,59.81,368.14,1197.86,0.005,1
2025-12-24 03:19:51,19.83,40.13,539.51,1206.44,0.005,1
2025-12-24 03:20:51,19.87,49.01,409.25,1213.49,0.005,1
2025-12-24 03:21:51,19.9,40.94,320.08,1220.45,0.005,1
2025-12-24 03:22:51,19.91,54.22,485.75,1227.47,0.005,1
2025-12-24 03:23:51,19.96,42.94,377.78,1233.46,0.005,1
2025-12-24 03:24:51,20.01,53.5,411.3,1237.7,0.005,1
2025-12-24 03:25:51,20.02,59.4,391.58,1244.9,0.005,1
2025-12-24 03:26:51,20.06,59.94,303.14,1247.89,0.005,1
2025-12-24 03:27:51,20.09,47.98,365.83,1253.85,0.005,1
2025-12-24 03:28:51,20.1,46.85,310.0,1257.0,0.005,1
2025-12-24 03:29:51,20.14,55.11,380.83,1263.5,0.005,1
2025-12-24 03:30:51,20.18,42.67,576.24,1272.5,0.005,1
2025-12-24 03:31:51,20.22,40.37,549.54,1277.47,0.005,1
2025-12-24 03:32:51,20.24,50.43,512.81,1282.85,0.005,1
2025-12-24 03:33:51,20.26,53.74,359.98,1291.83,0.005,1
2025-12-24 03:34:51,20.3,52.52,409.23,1294.52,0.005,1
2025-12-24 03:35:51,20.33,59.4,517.24,1297.45,0.005,1
2025-12-24 03:36:51,20.37,57.86,545.99,1306.03,0.005,1
2025-12-24 03:37:51,20.4,51.85,337.21,1309.98,0.005,1
2025-12-24 03:38:51,20.43,49.93,305.22,1316.52,0.005,1
2025-12-24 03:39:51,20.44,51.89,323.98,1320.88,0.005,1
2025-12-24 03:40:51,20.46,53.45,331.49,1327.59,0.005,1
2025-12-24 03:41:51,20.47,54.26,423.13,1331.88,0.005,1
2025-12-24 03:42:51,20.48,42.86,428.97,1334.6,0.005,1
2025-12-24 03:43:51,20.52,50.82,577.26,1342.7,0.005,1
2025-12-24 03:44:51,20.56,41.05,435.44,1348.03,0.005,1
2025-12-24 03:45:51,20.58,42.17,552.2,1350.8,0.005,1
2025-12-24 03:46:51,20.62,58.38,510.05,1358.68,0.005,1
2025-12-24 03:47:51,20.63,43.34,455.14,1365.97,0.005,1
2025-12-24 03:48:51,20.66,46.6,598.64,1373.13,0.005,1
2025-12-24 03:49:51,20.71,42.38,575.57,1375.91,0.005,1
2025-12-24 03:50:51,20.73,44.27,329.9,1379.82,0.005,1
2025-12-24 03:51:51,20.71,42.26,43.72,1378.66,0.005,0
2025-12-24 03:52:51,20.68,51.69,36.18,1374.75,0.005,0
2025-12-24 03:53:51,20.64,56.1,38.34,1373.71,0.005,0
2025-12-24 03:54:51,20.62,58.46,25.61,1371.57,0.005,0
2025-12-24 03:55:51,20.58,42.54,48.46,1369.83,0.005,0
2025-12-24 03:56:51,20.53,44.76,41.09,1367.61,0.005,0
2025-12-24 03:57:51,20.49,45.51,23.11,1364.98,0.005,0
2025-12-24 03:58:51,20.47,55.15,3.8,1362.41,0.005,0
2025-12-24 03:59:51,20.44,49.92,36.48,1359.88,0.005,0
2025-12-24 04:00:51,20.42,47.67,1.01,1355.96,0.005,0
2025-12-24 04:01:51,20.43,48.11,330.93,1362.27,0.005,1
2025-12-24 04:02:51,20.45,46.47,506.07,1365.1,0.005,1
2025-12-24 04:03:51,20.47,49.7,346.23,1370.81,0.005,1
2025-12-24 04:04:51,20.52,50.0,355.23,1379.43,0.005,1
2025-12-24 04:05:51,20.54,42.88,422.53,1381.81,0.005,1
2025-12-24 04:06:51,20.57,43.68,313.87,1385.0,0.005,1
2025-12-24 04:07:51,20.6,50.0,323.48,1390.02,0.005,1
2025-12-24 04:08:51,20.63,59.86,476.69,1392.79,0.005,1
2025-12-24 04:09:51,20.66,40.87,543.2,1402.33,0.005,1
2025-12-24 04:10:51,20.65,48.43,41.23,1399.95,0.005,0
2025-12-24 04:11:51,20.61,56.21,9.59,1396.18,0.005,0
2025-12-24 04:12:51,20.56,49.75,45.97,1394.04,0.005,0
2025-12-24 04:13:51,20.53,46.55,44.77,1391.78,0.005,0
2025-12-24 04:14:51,20.51,52.77,19.08,1390.13,0.005,0
2025-12-24 04:15:51,20.48,49.85,16.27,1388.05,0.005,0
2025-12-24 04:16:51,20.45,41.76,49.02,1386.93,0.005,0
2025-12-24 04:17:51,20.43,47.15,5.07,1383.1,0.005,0
2025-12-24 04:18:51,20.41,45.04,24.36,1378.39,0.005,0
2025-12-24 04:19:51,20.39,42.11,4.42,1374.87,0.005,0
2025-12-24 04:20:51,20.37,47.16,25.9,1370.9,0.005,0
2025-12-24 04:21:51,20.35,42.41,13.11,1369.65,0.005,0
2025-12-24 04:22:51,20.32,49.87,16.25,1365.08,0.005,0
2025-12-24 04:23:51,20.3,44.31,34.96,1360.8,0.005,0
2025-12-24 04:24:51,20.25,48.32,10.68,1358.27,0.005,0
2025-12-24 04:25:51,20.22,56.79,23.76,1355.24,0.005,0
2025-12-24 04:26:51,20.21,58.3,19.22,1350.78,0.005,0
2025-12-24 04:27:51,20.19,46.67,14.54,1346.32,0.005,0
2025-12-24 04:28:51,20.17,40.1,25.51,1344.36,0.005,0
2025-12-24 04:29:51,20.13,44.29,16.43,1342.27,0.005,0
2025-12-24 04:30:51,20.09,56.49,14.29,1341.2,0.005,0
2025-12-24 04:31:51,20.05,55.05,12.62,1336.49,0.005,0
2025-12-24 04:32:51,20.0,42.52,32.2,1332.75,0.005,0
2025-12-24 04:33:51,19.97,55.24,19.39,1329.82,0.005,0
2025-12-24 04:34:51,19.93,46.08,18.32,1327.44,0.005,0
2025-12-24 04:35:51,19.89,55.58,4.95,1324.88,0.005,0
2025-12-24 04:36:51,19.87,57.17,16.08,1321.06,0.005,0
2025-12-24 04:37:51,19.85,40.83,27.23,1316.6,0.005,0
2025-12-24 04:38:51,19.82,54.85,46.68,1314.48,0.005,0
2025-12-24 04:39:51,19.78,44.97,43.54,1310.72,0.005,0
2025-12-24 04:40:51,19.76,41.26,5.27,1305.88,0.005,0
2025-12-24 04:41:51,19.75,40.2,40.64,1304.13,0.005,0
2025-12-24 04:42:51,19.71,50.21,36.71,1302.56,0.005,0
2025-12-24 04:43:51,19.74,40.49,431.85,1308.99,0.005,1
2025-12-24 04:44:51,19.75,57.54,545.28,1315.04,0.005,1
2025-12-24 04:45:51,19.79,57.25,455.04,1319.95,0.005,1
2025-12-24 04:46:51,19.82,41.46,457.76,1328.12,0.005,1
2025-12-24 04:47:51,19.85,53.07,396.19,1332.61,0.005,1
2025-12-24 04:48:51,19.88,51.4,548.39,1334.7,0.005,1
2025-12-24 04:49:51,19.9,40.19,309.14,1344.2,0.005,1
2025-12-24 04:50:51,19.93,42.7,414.31,1349.89,0.005,1
2025-12-24 04:51:51,19.97,44.12,508.65,1356.47,0.005,1
2025-12-24 04:52:51,20.0,43.39,487.63,1362.64,0.005,1
2025-12-24 04:53:51,20.05,57.63,455.29,1366.38,0.005,1
2025-12-24 04:54:51,20.06,51.22,352.04,1375.45,0.005,1
2025-12-24 04:55:51,20.09,48.84,370.19,1381.58,0.005,1
2025-12-24 04:56:51,20.14,45.96,348.59,1388.88,0.005,1
2025-12-24 04:57:51,20.16,56.73,306.71,1396.7,0.005,1
2025-12-24 04:58:51,20.18,55.14,428.22,1401.49,0.005,1
2025-12-24 04:59:51,20.2,54.27,331.46,1410.01,0.005,1
2025-12-24 05:00:51,20.22,46.22,338.97,1419.72,0.005,1
2025-12-24 05:01:51,20.26,47.8,516.31,1429.05,0.005,1
2025-12-24 05:02:51,20.28,57.48,569.05,1438.15,0.005,1
2025-12-24 05:03:51,20.3,42.01,542.43,1440.46,0.005,1
2025-12-24 05:04:51,20.26,55.75,47.96,1437.58,0.005,0
2025-12-24 05:05:51,20.23,55.89,48.28,1434.63,0.005,0
2025-12-24 05:06:51,20.21,53.01,2.94,1431.06,0.005,0
2025-12-24 05:07:51,20.18,55.69,41.82,1426.67,0.005,0
2025-12-24 05:08:51,20.16,49.73,8.46,1425.28,0.005,0
2025-12-24 05:09:51,20.11,44.08,9.41,1420.61,0.005,0
2025-12-24 05:10:51,20.16,41.99,339.02,1428.71,0.005,1
2025-12-24 05:11:51,20.19,48.28,511.84,1438.02,0.005,1
2025-12-24 05:12:51,20.22,43.97,520.32,1445.3,0.005,1
2025-12-24 05:13:51,20.25,54.58,390.3,1447.46,0.005,1
2025-12-24 05:14:51,20.27,48.98,302.6,1455.77,0.005,1
2025-12-24 05:15:51,20.29,41.77,524.86,1462.87,0.005,1
2025-12-24 05:16:51,20.34,58.12,593.35,1467.17,0.005,1
2025-12-24 05:17:51,20.36,48.07,332.75,1469.3,0.005,1
2025-12-24 05:18:51,20.38,58.86,408.7,1475.14,0.005,1
2025-12-24 05:19:51,20.42,51.54,304.19,1477.78,0.005,1
2025-12-24 05:20:51,20.44,42.64,306.76,1482.77,0.005,1
2025-12-24 05:21:51,20.45,54.71,385.12,1484.8,0.005,1
2025-12-24 05:22:51,20.49,42.58,366.74,1492.53,0.005,1
2025-12-24 05:23:51,20.53,40.35,569.0,1496.65,0.005,1
2025-12-24 05:24:51,20.55,48.98,481.05,1505.33,0.005,1
2025-12-24 05:25:51,20.59,44.25,468.84,1508.48,0.005,1
2025-12-24 05:26:51,20.63,54.25,486.43,1513.2,0.005,1
2025-12-24 05:27:51,20.65,49.8,446.11,1522.67,0.005,1
2025-12-24 05:28:51,20.67,58.47,321.05,1532.3,0.005,1
2025-12-24 05:29:51,20.71,49.92,483.15,1534.36,0.005,1
2025-12-24 05:30:51,20.73,51.62,374.66,1537.76,0.005,1
2025-12-24 05:31:51,20.74,58.39,399.72,1543.44,0.005,1
2025-12-24 05:32:51,20.79,54.48,527.24,1546.82,0.005,1
2025-12-24 05:33:51,20.8,50.12,455.66,1553.97,0.005,1
2025-12-24 05:34:51,20.82,43.76,508.61,1563.66,0.005,1
2025-12-24 05:35:51,20.87,55.16,473.6,1573.22,0.005,1
2025-12-24 05:36:51,20.89,54.19,327.15,1576.33,0.005,1
2025-12-24 05:37:51,20.91,45.69,311.15,1578.46,0.005,1
2025-12-24 05:38:51,20.95,44.09,544.93,1583.93,0.005,1
2025-12-24 05:39:51,20.99,55.54,483.96,1588.57,0.005,1
2025-12-24 05:40:51,21.03,59.67,383.21,1596.59,0.005,1
2025-12-24 05:41:51,21.08,55.21,574.88,1604.15,0.005,1
2025-12-24 05:42:51,21.12,55.5,502.37,1609.37,0.005,1
2025-12-24 05:43:51,21.16,43.82,599.54,1612.02,0.005,1
2025-12-24 05:44:51,21.21,51.99,357.52,1619.97,0.005,1
2025-12-24 05:45:51,21.22,43.58,444.57,1627.46,0.005,1
2025-12-24 05:46:51,21.24,51.84,415.91,1631.47,0.005,1
2025-12-24 05:47:51,21.29,49.26,510.82,1640.92,0.005,1
2025-12-24 05:48:51,21.31,54.5,497.25,1647.64,0.005,1
2025-12-24 05:49:51,21.35,42.3,414.43,1654.5,0.005,1
2025-12-24 05:50:51,21.39,48.57,573.89,1657.07,0.005,1
2025-12-24 05:51:51,21.41,53.07,552.42,1660.41,0.005,1
2025-12-24 05:52:51,21.44,48.09,558.76,1663.23,0.005,1
2025-12-24 05:53:51,21.46,46.29,437.39,1671.23,0.005,1
2025-12-24 05:54:51,21.5,43.48,564.41,1680.99,0.005,1
2025-12-24 05:55:51,21.52,53.58,534.62,1684.38,0.005,1
2025-12-24 05:56:51,21.56,48.8,305.23,1692.45,0.005,1
2025-12-24 05:57:51,21.6,54.99,437.28,1697.19,0.005,1
2025-12-24 05:58:51,21.65,57.89,450.1,1701.65,0.005,1
2025-12-24 05:59:51,21.69,53.85,493.51,1705.41,0.005,1
2025-12-24 06:00:51,21.73,45.92,335.06,1712.27,0.005,1
2025-12-24 06:01:51,21.74,41.96,467.62,1716.57,0.005,1
2025-12-24 06:02:51,21.77,49.79,584.63,1725.94,0.005,1
2025-12-24 06:03:51,21.8,48.03,495.18,1729.14,0.005,1
2025-12-24 06:04:51,21.76,49.04,30.04,1725.24,0.005,0
2025-12-24 06:05:51,21.74,53.38,41.93,1723.87,0.005,0
2025-12-24 06:06:51,21.71,48.05,27.15,1720.9,0.005,0
2025-12-24 06:07:51,21.68,47.11,46.96,1718.2,0.005,0
2025-12-24 06:08:51,21.66,54.09,24.87,1716.23,0.005,0
2025-12-24 06:09:51,21.62,45.59,19.76,1712.29,0.005,0
2025-12-24 06:10:51,21.61,48.9,29.9,1710.05,0.005,0
2025-12-24 06:11:51,21.58,50.94,37.95,1705.75,0.005,0
2025-12-24 06:12:51,21.54,41.7,27.8,1703.77,0.005,0
2025-12-24 06:13:51,21.53,57.02,27.8,1702.31,0.005,0
2025-12-24 06:14:51,21.49,57.28,6.06,1698.32,0.005,0
2025-12-24 06:15:51,21.46,40.47,31.58,1693.67,0.005,0
2025-12-24 06:16:51,21.44,51.05,34.21,1690.12,0.005,0
2025-12-24 06:17:51,21.39,41.78,19.93,1687.59,0.005,0
2025-12-24 06:18:51,21.37,57.8,8.95,1686.58,0.005,0
2025-12-24 06:19:51,21.33,40.68,15.14,1683.95,0.005,0
2025-12-24 06:20:51,21.29,43.54,18.16,1682.3,0.005,0
2025-12-24 06:21:51,21.27,46.45,3.01,1679.89,0.005,0
2025-12-24 06:22:51,21.25,54.32,12.9,1676.12,0.005,0
2025-12-24 06:23:51,21.23,53.99,45.32,1672.59,0.005,0
2025-12-24 06:24:51,21.19,41.64,24.65,1667.7,0.005,0
2025-12-24 06:25:51,21.15,42.19,26.08,1663.0,0.005,0
2025-12-24 06:26:51,21.1,51.63,5.23,1661.97,0.005,0
2025-12-24 06:27:51,21.07,57.46,32.19,1658.67,0.005,0
2025-12-24 06:28:51,21.04,42.86,26.88,1653.82,0.005,0
2025-12-24 06:29:51,21.01,43.11,46.84,1648.9,0.005,0
2025-12-24 06:30:51,20.99,52.71,13.99,1647.18,0.005,0
2025-12-24 06:31:51,20.96,59.17,14.8,1643.31,0.005,0
2025-12-24 06:32:51,20.92,57.87,13.79,1639.37,0.005,0
2025-12-24 06:33:51,20.93,52.19,332.49,1649.36,0.005,1
2025-12-24 06:34:51,20.96,41.39,320.23,1652.01,0.005,1
2025-12-24 06:35:51,20.98,50.29,327.67,1661.78,0.005,1
2025-12-24 06:36:51,21.01,47.58,379.17,1667.97,0.005,1
2025-12-24 06:37:51,21.05,42.05,542.57,1671.03,0.005,1
2025-12-24 06:38:51,21.07,57.15,595.15,1673.86,0.005,1
2025-12-24 06:39:51,21.1,40.01,329.54,1679.55,0.005,1
2025-12-24 06:40:51,21.05,51.99,15.66,1677.79,0.005,0
2025-12-24 06:41:51,21.01,44.24,19.92,1676.18,0.005,0
2025-12-24 06:42:51,20.98,54.74,46.62,1674.99,0.005,0
2025-12-24 06:43:51,20.95,49.3,48.3,1672.1,0.005,0
2025-12-24 06:44:51,20.9,40.44,39.82,1667.38,0.005,0
2025-12-24 06:45:51,20.85,53.85,14.52,1665.26,0.005,0
2025-12-24 06:46:51,20.82,40.96,45.26,1662.46,0.005,0
2025-12-24 06:47:51,20.81,40.72,16.08,1659.24,0.005,0
2025-12-24 06:48:51,20.78,51.47,2.96,1654.55,0.005,0
2025-12-24 06:49:51,20.73,44.42,11.41,1651.38,0.005,0
2025-12-24 06:50:51,20.7,57.32,31.59,1649.13,0.005,0
2025-12-24 06:51:51,20.68,40.38,32.85,1646.56,0.005,0
2025-12-24 06:52:51,20.66,46.27,39.07,1641.6,0.005,0
2025-12-24 06:53:51,20.64,51.25,8.66,1639.41,0.005,0
2025-12-24 06:54:51,20.61,53.47,8.82,1638.3,0.005,0
2025-12-24 06:55:51,20.56,49.12,46.98,1634.34,0.005,0
2025-12-24 06:56:51,20.52,46.26,30.26,1632.67,0.005,0
2025-12-24 06:57:51,20.47,43.12,29.04,1629.72,0.005,0
2025-12-24 06:58:51,20.44,54.19,35.69,1628.21,0.005,0
2025-12-24 06:59:51,20.42,44.27,24.37,1626.0,0.005,0
2025-12-24 07:00:51,20.37,58.69,33.2,1622.02,0.005,0
2025-12-24 07:01:51,20.35,59.08,6.61,1619.62,0.005,0
2025-12-24 07:02:51,20.3,51.41,14.4,1616.8,0.005,0
2025-12-24 07:03:51,20.25,53.81,38.71,1612.18,0.005,0
2025-12-24 07:04:51,20.21,42.33,4.76,1608.82,0.005,0
2025-12-24 07:05:51,20.17,50.97,25.52,1607.15,0.005,0
2025-12-24 07:06:51,20.14,49.97,22.55,1603.46,0.005,0
2025-12-24 07:07:51,20.09,48.96,41.15,1601.64,0.005,0
2025-12-24 07:08:51,20.06,41.0,28.92,1599.81,0.005,0
2025-12-24 07:09:51,20.05,43.7,16.38,1597.06,0.005,0
2025-12-24 07:10:51,20.01,52.16,19.68,1595.96,0.005,0
2025-12-24 07:11:51,19.99,48.75,27.83,1594.7,0.005,0
2025-12-24 07:12:51,19.98,48.36,27.13,1591.15,0.005,0
2025-12-24 07:13:51,19.97,49.27,22.37,1589.99,0.005,0
2025-12-24 07:14:51,19.93,55.33,43.35,1585.55,0.005,0
2025-12-24 07:15:51,19.89,52.59,17.3,1584.19,0.005,0
2025-12-24 07:16:51,19.84,41.91,9.98,1580.48,0.005,0
2025-12-24 07:17:51,19.83,46.87,46.65,1576.83,0.005,0
2025-12-24 07:18:51,19.78,49.79,5.9,1574.63,0.005,0
2025-12-24 07:19:51,19.76,44.55,19.07,1569.64,0.005,0
2025-12-24 07:20:51,19.73,42.82,27.31,1565.76,0.005,0
2025-12-24 07:21:51,19.7,45.95,40.57,1564.41,0.005,0
2025-12-24 07:22:51,19.68,56.39,38.5,1562.77,0.005,0
2025-12-24 07:23:51,19.67,40.33,10.9,1559.29,0.005,0
2025-12-24 07:24:51,19.63,48.69,23.85,1556.79,0.005,0
2025-12-24 07:25:51,19.58,49.27,26.68,1553.87,0.005,0
2025-12-24 07:26:51,19.56,55.83,45.28,1552.12,0.005,0
2025-12-24 07:27:51,19.52,48.91,3.8,1549.3,0.005,0
2025-12-24 07:28:51,19.49,51.82,24.4,1546.9,0.005,0
2025-12-24 07:29:51,19.44,53.91,18.26,1544.29,0.005,0
2025-12-24 07:30:51,19.42,43.14,11.59,1541.57,0.005,0
2025-12-24 07:31:51,19.39,58.5,47.76,1538.0,0.005,0
2025-12-24 07:32:51,19.38,48.14,38.81,1534.73,0.005,0
2025-12-24 07:33:51,19.37,43.27,42.03,1531.21,0.005,0
2025-12-24 07:34:51,19.34,49.6,7.26,1528.94,0.005,0
2025-12-24 07:35:51,19.3,55.78,8.47,1527.55,0.005,0
2025-12-24 07:36:51,19.27,45.84,39.53,1524.81,0.005,0
2025-12-24 07:37:51,19.22,52.62,32.3,1520.8,0.005,0
2025-12-24 07:38:51,19.19,43.92,17.24,1516.88,0.005,0
2025-12-24 07:39:51,19.16,58.3,8.72,1514.19,0.005,0
2025-12-24 07:40:51,19.14,40.31,23.42,1511.55,0.005,0
2025-12-24 07:41:51,19.1,50.91,36.11,1508.52,0.005,0
2025-12-24 07:42:51,19.07,50.55,21.4,1506.72,0.005,0
2025-12-24 07:43:51,19.05,49.79,35.07,1505.44,0.005,0
2025-12-24 07:44:51,19.07,43.3,477.19,1509.46,0.005,1
2025-12-24 07:45:51,19.12,51.95,594.57,1516.45,0.005,1
2025-12-24 07:46:51,19.15,49.18,329.5,1518.96,0.005,1
2025-12-24 07:47:51,19.17,55.49,359.64,1523.73,0.005,1
2025-12-24 07:48:51,19.21,53.19,350.6,1533.19,0.005,1
2025-12-24 07:49:51,19.25,44.85,489.61,1535.9,0.005,1
2025-12-24 07:50:51,19.29,50.21,424.09,1538.76,0.005,1
2025-12-24 07:51:51,19.34,49.82,598.32,1541.44,0.005,1
2025-12-24 07:52:51,19.39,52.93,375.84,1544.06,0.005,1
2025-12-24 07:53:51,19.4,42.86,439.22,1551.18,0.005,1
2025-12-24 07:54:51,19.45,45.86,350.5,1559.19,0.005,1
2025-12-24 07:55:51,19.46,56.97,578.92,1563.55,0.005,1
2025-12-24 07:56:51,19.5,43.13,406.72,1571.06,0.005,1
2025-12-24 07:57:51,19.51,47.07,339.73,1580.83,0.005,1
2025-12-24 07:58:51,19.54,55.16,500.44,1583.25,0.005,1
2025-12-24 07:59:51,19.58,42.86,575.25,1587.27,0.005,1
2025-12-24 08:00:51,19.6,41.45,411.14,1592.56,0.005,1
2025-12-24 08:01:51,19.65,46.63,352.76,1600.09,0.005,1
2025-12-24 08:02:51,19.69,50.77,432.46,1609.98,0.005,1
2025-12-24 08:03:51,19.71,59.18,553.08,1618.73,0.005,1
2025-12-24 08:04:51,19.73,44.79,505.9,1623.51,0.005,1
2025-12-24 08:05:51,19.78,40.27,563.36,1630.46,0.005,1
2025-12-24 08:06:51,19.82,51.36,405.08,1632.65,0.005,1
2025-12-24 08:07:51,19.86,45.24,417.96,1639.28,0.005,1
2025-12-24 08:08:51,19.89,46.37,576.97,1642.62,0.005,1
2025-12-24 08:09:51,19.91,45.93,566.38,1648.85,0.005,1
2025-12-24 08:10:51,19.95,43.3,384.51,1654.32,0.005,1
2025-12-24 08:11:51,19.97,43.49,551.48,1658.18,0.005,1
2025-12-24 08:12:51,20.0,52.66,460.27,1660.77,0.005,1
2025-12-24 08:13:51,20.04,54.37,481.54,1666.72,0.005,1
2025-12-24 08:14:51,20.07,54.91,334.13,1674.5,0.005,1
2025-12-24 08:15:51,20.09,55.9,515.97,1681.86,0.005,1
2025-12-24 08:16:51,20.11,43.62,302.41,1686.65,0.005,1
2025-12-24 08:17:51,20.12,41.75,419.5,1696.21,0.005,1
2025-12-24 08:18:51,20.16,43.54,313.35,1700.87,0.005,1
2025-12-24 08:19:51,20.18,51.05,340.82,1706.54,0.005,1
2025-12-24 08:20:51,20.2,52.09,547.5,1708.8,0.005,1
2025-12-24 08:21:51,20.22,52.09,409.01,1717.19,0.005,1
2025-12-24 08:22:51,20.23,57.89,426.97,1719.77,0.005,1
2025-12-24 08:23:51,20.27,53.12,502.81,1725.14,0.005,1
2025-12-24 08:24:51,20.3,45.94,451.99,1730.68,0.005,1
2025-12-24 08:25:51,20.32,58.53,579.08,1735.43,0.005,1
2025-12-24 08:26:51,20.36,58.62,371.5,1741.44,0.005,1
2025-12-24 08:27:51,20.41,47.99,518.62,1747.11,0.005,1
2025-12-24 08:28:51,20.44,52.06,378.58,1756.6,0.005,1
2025-12-24 08:29:51,20.47,49.39,337.89,1762.4,0.005,1
2025-12-24 08:30:51,20.48,40.57,422.7,1767.38,0.005,1
2025-12-24 08:31:51,20.5,48.87,326.7,1772.48,0.005,1
2025-12-24 08:32:51,20.54,44.62,321.03,1776.23,0.005,1
2025-12-24 08:33:51,20.56,51.42,551.88,1784.79,0.005,1
2025-12-24 08:34:51,20.6,49.0,470.95,1790.28,0.005,1
2025-12-24 08:35:51,20.63,40.51,331.25,1793.6,0.005,1
2025-12-24 08:36:51,20.67,60.0,524.69,1796.35,0.005,1
2025-12-24 08:37:51,20.7,49.4,568.55,1801.06,0.005,1
2025-12-24 08:38:51,20.74,50.35,575.04,1803.58,0.005,1
2025-12-24 08:39:51,20.76,52.25,433.08,1810.63,0.005,1
2025-12-24 08:40:51,20.79,57.3,487.64,1816.52,0.005,1
2025-12-24 08:41:51,20.8,55.67,382.98,1825.55,0.005,1
2025-12-24 08:42:51,20.84,41.76,337.15,1833.25,0.005,1
2025-12-24 08:43:51,20.88,40.7,578.72,1837.95,0.005,1
2025-12-24 08:44:51,20.91,56.45,486.44,1847.73,0.005,1
2025-12-24 08:45:51,20.93,52.83,515.58,1857.45,0.005,1
2025-12-24 08:46:51,20.98,59.7,421.04,1866.37,0.005,1
2025-12-24 08:47:51,21.02,50.35,374.45,1868.59,0.005,1
2025-12-24 08:48:51,21.04,44.84,357.08,1874.0,0.005,1
2025-12-24 08:49:51,21.07,55.88,546.72,1877.24,0.005,1
2025-12-24 08:50:51,21.09,42.41,485.49,1879.41,0.005,1
2025-12-24 08:51:51,21.12,46.02,572.45,1885.78,0.005,1
2025-12-24 08:52:51,21.16,57.96,408.62,1891.35,0.005,1
2025-12-24 08:53:51,21.2,57.02,503.62,1898.96,0.005,1
2025-12-24 08:54:51,21.24,41.34,407.01,1904.14,0.005,1
2025-12-24 08:55:51,21.27,45.75,328.14,1910.23,0.005,1
2025-12-24 08:56:51,21.32,54.58,321.32,1916.48,0.005,1
2025-12-24 08:57:51,21.34,52.34,476.46,1923.68,0.005,1
2025-12-24 08:58:51,21.39,52.09,541.21,1931.64,0.005,1
2025-12-24 08:59:51,21.4,56.0,568.22,1941.57,0.005,1
2025-12-24 09:00:51,21.44,52.16,508.6,1944.74,0.005,1
2025-12-24 09:01:51,21.46,58.67,308.06,1953.41,0.005,1
2025-12-24 09:02:51,21.48,52.37,411.02,1956.11,0.005,1
2025-12-24 09:03:51,21.49,42.55,595.62,1964.02,0.005,1
2025-12-24 09:04:51,21.52,59.73,530.21,1973.74,0.005,1
2025-12-24 09:05:51,21.55,53.95,584.31,1982.98,0.005,1
2025-12-24 09:06:51,21.57,49.01,489.77,1986.43,0.005,1
2025-12-24 09:07:51,21.62,43.96,593.48,1993.43,0.005,1
2025-12-24 09:08:51,21.67,50.59,417.91,2000.0,0.005,1
2025-12-24 09:09:51,21.7,45.81,472.74,2000.0,0.005,1
2025-12-24 09:10:51,21.73,56.64,538.44,2000.0,0.005,1
2025-12-24 09:11:51,21.75,52.89,443.47,2000.0,0.005,1
2025-12-24 09:12:51,21.77,52.11,499.73,2000.0,0.005,1
2025-12-24 09:13:51,21.81,45.35,490.24,2000.0,0.005,1
2025-12-24 09:14:51,21.83,59.83,457.39,2000.0,0.005,1
2025-12-24 09:15:51,21.88,47.26,402.06,2000.0,0.005,1
2025-12-24 09:16:51,21.89,50.84,366.34,2000.0,0.005,1
2025-12-24 09:17:51,21.93,45.09,371.76,2000.0,0.005,1
2025-12-24 09:18:51,21.96,55.27,395.12,2000.0,0.005,1
2025-12-24 09:19:51,21.97,45.66,359.33,2000.0,0.005,1
2025-12-24 09:20:51,22.02,54.26,443.9,2000.0,0.005,1
2025-12-24 09:21:51,22.06,50.91,426.96,2000.0,0.005,1
2025-12-24 09:22:51,22.08,47.71,521.96,2000.0,0.005,1
2025-12-24 09:23:51,22.12,54.13,527.66,2000.0,0.005,1
2025-12-24 09:24:51,22.17,56.98,304.81,2000.0,0.005,1
2025-12-24 09:25:51,22.21,48.34,445.6,2000.0,0.005,1
2025-12-24 09:26:51,22.24,53.0,420.83,2000.0,0.005,1
2025-12-24 09:27:51,22.27,41.3,510.83,2000.0,0.005,1
2025-12-24 09:28:51,22.29,50.83,553.87,2000.0,0.005,1
2025-12-24 09:29:51,22.25,59.0,0.07,1996.79,0.005,0
2025-12-24 09:30:51,22.2,42.04,49.23,1994.75,0.005,0
2025-12-24 09:31:51,22.17,45.21,10.91,1990.53,0.005,0
2025-12-24 09:32:51,22.15,58.85,40.46,1989.03,0.005,0
2025-12-24 09:33:51,22.13,58.11,21.05,1985.66,0.005,0
2025-12-24 09:34:51,22.14,54.58,439.26,1993.42,0.005,1
2025-12-24 09:35:51,22.18,54.03,334.45,1998.01,0.005,1
2025-12-24 09:36:51,22.21,41.2,503.11,2000.0,0.005,1
2025-12-24 09:37:51,22.23,54.73,461.88,2000.0,0.005,1
2025-12-24 09:38:51,22.27,44.21,571.1,2000.0,0.005,1
2025-12-24 09:39:51,22.31,55.3,553.26,2000.0,0.005,1
2025-12-24 09:40:51,22.34,53.6,456.72,2000.0,0.005,1
2025-12-24 09:41:51,22.36,57.28,384.66,2000.0,0.005,1
2025-12-24 09:42:51,22.37,57.3,481.63,2000.0,0.005,1
2025-12-24 09:43:51,22.41,42.76,478.19,2000.0,0.005,1
2025-12-24 09:44:51,22.44,56.35,595.55,2000.0,0.005,1
2025-12-24 09:45:51,22.47,51.91,307.16,2000.0,0.005,1
2025-12-24 09:46:51,22.52,56.15,304.57,2000.0,0.005,1
2025-12-24 09:47:51,22.56,54.38,577.25,2000.0,0.005,1
2025-12-24 09:48:51,22.6,45.8,527.0,2000.0,0.005,1
2025-12-24 09:49:51,22.64,50.79,550.73,2000.0,0.005,1
2025-12-24 09:50:51,22.65,59.93,398.09,2000.0,0.005,1
2025-12-24 09:51:51,22.7,53.59,535.24,2000.0,0.005,1
2025-12-24 09:52:51,22.71,58.31,554.24,2000.0,0.005,1
2025-12-24 09:53:51,22.73,53.4,460.56,2000.0,0.005,1
2025-12-24 09:54:51,22.76,55.37,543.87,2000.0,0.005,1
2025-12-24 09:55:51,22.78,50.94,325.14,2000.0,0.005,1
2025-12-24 09:56:51,22.81,41.56,316.58,2000.0,0.005,1
2025-12-24 09:57:51,22.84,43.98,465.48,2000.0,0.005,1
2025-12-24 09:58:51,22.86,56.95,408.82,2000.0,0.005,1
2025-12-24 09:59:51,22.88,54.25,508.88,2000.0,0.005,1
2025-12-24 10:00:51,22.9,50.12,520.94,2000.0,0.005,1
2025-12-24 10:01:51,22.94,55.78,591.4,2000.0,0.005,1
2025-12-24 10:02:51,22.98,41.35,370.93,2000.0,0.005,1
2025-12-24 10:03:51,23.0,53.95,415.02,2000.0,0.005,1
2025-12-24 10:04:51,23.02,41.43,392.02,2000.0,0.005,1
2025-12-24 10:05:51,23.04,44.08,317.65,2000.0,0.005,1
2025-12-24 10:06:51,23.06,44.88,308.22,2000.0,0.005,1
2025-12-24 10:07:51,23.09,40.83,336.42,2000.0,0.005,1
2025-12-24 10:08:51,23.13,43.99,581.59,2000.0,0.005,1
2025-12-24 10:09:51,23.17,59.33,534.83,2000.0,0.005,1
2025-12-24 10:10:51,23.18,47.55,329.01,2000.0,0.005,1
2025-12-24 10:11:51,23.2,57.62,364.11,2000.0,0.005,1
2025-12-24 10:12:51,23.22,53.68,448.1,2000.0,0.005,1
2025-12-24 10:13:51,23.23,55.62,323.4,2000.0,0.005,1
2025-12-24 10:14:51,23.27,56.1,476.84,2000.0,0.005,1
2025-12-24 10:15:51,23.3,44.27,508.86,2000.0,0.005,1
2025-12-24 10:16:51,23.33,56.29,414.42,2000.0,0.005,1
2025-12-24 10:17:51,23.34,52.42,371.47,2000.0,0.005,1
2025-12-24 10:18:51,23.35,48.23,558.55,2000.0,0.005,1
2025-12-24 10:19:51,23.38,40.67,380.85,2000.0,0.005,1
2025-12-24 10:20:51,23.42,45.0,350.27,2000.0,0.005,1
2025-12-24 10:21:51,23.44,52.69,465.5,2000.0,0.005,1
2025-12-24 10:22:51,23.45,40.87,451.14,2000.0,0.005,1
2025-12-24 10:23:51,23.47,54.99,343.25,2000.0,0.005,1
2025-12-24 10:24:51,23.5,49.5,367.95,2000.0,0.005,1
2025-12-24 10:25:51,23.51,40.99,485.44,2000.0,0.005,1
2025-12-24 10:26:51,23.56,52.33,341.86,2000.0,0.005,1
2025-12-24 10:27:51,23.61,45.32,342.34,2000.0,0.005,1
2025-12-24 10:28:51,23.64,47.99,471.69,2000.0,0.005,1
2025-12-24 10:29:51,23.67,42.74,309.83,2000.0,0.005,1
2025-12-24 10:30:51,23.71,46.17,512.69,2000.0,0.005,1
2025-12-24 10:31:51,23.76,47.45,551.0,2000.0,0.005,1
2025-12-24 10:32:51,23.81,55.55,451.04,2000.0,0.005,1
2025-12-24 10:33:51,23.82,59.54,363.99,2000.0,0.005,1
2025-12-24 10:34:51,23.84,51.17,539.66,2000.0,0.005,1
2025-12-24 10:35:51,23.86,47.37,446.21,2000.0,0.005,1
2025-12-24 10:36:51,23.89,42.05,368.99,2000.0,0.005,1
2025-12-24 10:37:51,23.91,54.11,519.41,2000.0,0.005,1
2025-12-24 10:38:51,23.93,57.39,402.6,2000.0,0.005,1
2025-12-24 10:39:51,23.95,52.37,500.45,2000.0,0.005,1
2025-12-24 10:40:51,23.99,48.18,305.66,2000.0,0.005,1
2025-12-24 10:41:51,24.02,57.86,366.69,2000.0,0.005,1
2025-12-24 10:42:51,24.05,40.93,540.32,2000.0,0.005,1
2025-12-24 10:43:51,24.08,57.32,503.91,2000.0,0.005,1
2025-12-24 10:44:51,24.11,51.4,372.43,2000.0,0.005,1
2025-12-24 10:45:51,24.15,41.3,311.53,2000.0,0.005,1
2025-12-24 10:46:51,24.19,54.33,339.24,2000.0,0.005,1
2025-12-24 10:47:51,24.23,46.81,361.64,2000.0,0.005,1
2025-12-24 10:48:51,24.27,53.77,512.06,2000.0,0.005,1
2025-12-24 10:49:51,24.29,48.68,310.84,2000.0,0.005,1
2025-12-24 10:50:51,24.32,40.82,380.79,2000.0,0.005,1
2025-12-24 10:51:51,24.3,45.39,40.36,1996.24,0.005,0
2025-12-24 10:52:51,24.27,43.27,46.71,1994.77,0.005,0
2025-12-24 10:53:51,24.24,59.62,26.92,1991.92,0.005,0
2025-12-24 10:54:51,24.21,40.44,21.17,1988.73,0.005,0
2025-12-24 10:55:51,24.18,40.07,27.14,1986.64,0.005,0
2025-12-24 10:56:51,24.15,49.01,32.19,1983.19,0.005,0
2025-12-24 10:57:51,24.16,56.35,581.59,1992.26,0.005,1
2025-12-24 10:58:51,24.17,46.9,479.75,1995.12,0.005,1
2025-12-24 10:59:51,24.19,55.42,573.84,2000.0,0.005,1
